-- phpMyAdmin SQL Dump
-- version 5.2.0
-- https://www.phpmyadmin.net/
--
-- Hôte : 127.0.0.1:3306
-- Généré le : jeu. 21 déc. 2023 à 19:55
-- Version du serveur : 8.0.31
-- Version de PHP : 8.2.0

SET SQL_MODE = "NO_AUTO_VALUE_ON_ZERO";
START TRANSACTION;
SET time_zone = "+00:00";


/*!40101 SET @OLD_CHARACTER_SET_CLIENT=@@CHARACTER_SET_CLIENT */;
/*!40101 SET @OLD_CHARACTER_SET_RESULTS=@@CHARACTER_SET_RESULTS */;
/*!40101 SET @OLD_COLLATION_CONNECTION=@@COLLATION_CONNECTION */;
/*!40101 SET NAMES utf8mb4 */;

--
-- Base de données : `students database`
--

-- --------------------------------------------------------

--
-- Structure de la table `l1_gi`
--

DROP TABLE IF EXISTS `l1_gi`;
CREATE TABLE IF NOT EXISTS `l1_gi` (
  `matricule` varchar(10) CHARACTER SET utf8mb3 COLLATE utf8mb3_general_ci NOT NULL,
  `nom` varchar(10) DEFAULT NULL,
  `prenom` varchar(30) NOT NULL,
  PRIMARY KEY (`matricule`)
) ENGINE=InnoDB DEFAULT CHARSET=utf8mb4 COLLATE=utf8mb4_0900_ai_ci;

--
-- Déchargement des données de la table `l1_gi`
--

INSERT INTO `l1_gi` (`matricule`, `nom`, `prenom`) VALUES
('22INF01787', 'CISSE', 'NAMORI AL IKHMA'),
('22INF02508', 'ASSANDY', 'BENNY FRANCK EVRARD S'),
('22MA02116', 'FOFANA', 'FAKEMO'),
('22MA0253', 'MEL', 'CHRISS MICHAELLE'),
('23AA01593', 'KOUAME', 'NIAMIEN ANGE EMMANUEL'),
('23INF00083', 'KOTCHI', 'KOUADIO YANN-EMMANUEL'),
('23INF00097', 'GNUI', 'ASSAMOI AYMAR PATRICK JAU'),
('23INF00101', 'RAMDE', 'RAMATA'),
('23INF00112', 'N\'DRY', 'FLEMOYE YOHAN BETHUEL'),
('23INF00120', 'DIALLO', 'ALPHA OUMAR'),
('23INF00121', 'ADESHOLA', 'ENIHOLA ABRAHAM'),
('23INF00122', 'TOURE', 'GNINAYA OTHNIEL ANGE'),
('23INF00143', 'SILIOUE', 'KATINAN YANN IDRISS'),
('23INF00158', 'N\'DIAYE', 'SIAKA CHEICK OUMAR'),
('23INF00162', 'BROUZRO', 'KOIGNY MARC-AUREL'),
('23INF00163', 'YAPI', 'CHRIS NEHEMIE THOMAS'),
('23INF00171', 'KOFFI', 'KASSY JEAN-PASCAL ALLAN'),
('23INF00199', 'TUHO', 'YAYETCHOUN ANUARITE MARIE'),
('23INF00233', 'DOUMBIA', 'MARIAM GNINE'),
('23INF00278', 'KASSE', 'AMENAN OCEANE ANGE LUCR'),
('23INF00283', 'CISSE', 'ANZOUMANA'),
('23INF00293', 'EL', 'KHAIR MOHAMED'),
('23INF00297', 'SORO', 'TIEHOUOLO MAIMOUNA VICTOI'),
('23INF00307', 'OYOUA', 'ODJE LUCIE KEREN'),
('23INF00337', 'KONE', 'KOULOFAGA YANN FRANKLIN C'),
('23INF00345', 'BABO', 'DREY JOEL EZECKIEL'),
('23INF00353', 'MENSAH', 'LASSEY PIERRE IVAN'),
('23INF00354', 'KOUAME', 'KOUAKOU ANSELME EZECHI'),
('23INF00361', 'OYEWUMI', 'MUSTAPHA OYESOLA'),
('23INF00376', 'BEHE', 'GUEASSEMON PAUL EMMANUEL'),
('23INF00381', 'SORO', 'CHONFOUNGO IDRISSA'),
('23INF00382', 'BOTTRO', 'TAPIE RUBEN-OLIVIER'),
('23INF00383', 'MELES', 'ESMEL JEAN-ARNAUD'),
('23INF00396', 'BEHE', 'GUEANIGNON ANGE PHANUEL'),
('23INF00406', 'OKEI', 'OKEI YVES PACOME'),
('23INF00411', 'ODE', 'SERY MARC ALAN CHRISTOPHE'),
('23INF00439', 'NENE', 'KOUE ANGE TRESOR'),
('23INF00449', 'KOUAKOU', 'GNABRO GUY EZEKIAS'),
('23INF00483', 'KOHOU', 'MONNEKA ANGE ELOGE'),
('23INF00519', 'N\'ZI', 'COLOMBE FLORIANE'),
('23INF00530', 'ANOH', 'KPATTAH ANGE-EMMANUEL JU'),
('23INF00534', 'KEÏTA', 'SAGUIDI GAOUSSOU'),
('23INF00544', 'OULOU', 'BENNIET JOEL-ANGE DANIEL'),
('23INF00548', 'ATOBRA', 'OKPODJI GEOFFROY MICHEL'),
('23INF00550', 'AGUESO', 'KOMLAN FRANCOIS'),
('23INF00562', 'BAMBA', 'MARIAME'),
('23INF00564', 'BROU', 'SONNET FRANCK EMMANUEL'),
('23INF00566', 'AKPA', 'JEAN CHRIST EMMANUEL'),
('23INF00569', 'GNAHON', 'PATRICK HANS ERIC'),
('23INF00570', 'HAMED', 'BOUCHIRA'),
('23INF00606', 'DIAKITE', 'DJEINEBA SAKHAÎRE KABA'),
('23INF00607', 'ADOU', 'EKIAN MARC BRANDON ELIE'),
('23INF00626', 'ACHI', 'AMONKOU MARC ELI'),
('23INF00652', 'DOUMOUYA', 'SEYDOU TAREK'),
('23INF00655', 'NIAMIEN', 'BOADOU YVAN'),
('23INF00672', 'KOUASSI', 'MOUAHE ELIEZER EPHRAIM'),
('23INF00679', 'BAMIDELE', 'MARC EMMANUEL'),
('23INF00702', 'ANOH', 'MIDDIDH AXEL JEAN-CHRIST'),
('23INF00713', 'ZOUNGRANA', 'SIMON PIERRE JUNIOR'),
('23INF00730', 'GNANGBE', 'N\'TE SARA'),
('23INF00741', 'ASSA', 'DANIEL YOHANN'),
('23INF00743', 'GBALE', 'MADISON MELIA SAMUELLA'),
('23INF00745', 'YAO', 'KOFFI JONATHAN ROSLAIN'),
('23INF00761', 'BOKAME', 'TELLA ETHAN'),
('23INF00780', 'SERI', 'ANGE-JOSUE NATHANAEL'),
('23INF00785', 'YEO', 'DOGAFOLO MOHAMED'),
('23INF00828', 'YELEMCOURE', 'OUAHABOU'),
('23INF00834', 'KOUADIO', 'HEGBALIE KONAN LOIC'),
('23INF00850', 'YAO', 'POKOU ELIE MANASSE'),
('23INF00859', 'LOBASSE', 'KOUISSELOUE ASTRID SYL'),
('23INF00860', 'KONAN', 'KONAN ELYSEE NATHAN'),
('23INF00880', 'KOUADIO', 'KURT EMMANUEL NATHAN'),
('23INF00945', 'SIDIBE', 'ABDOULAYE'),
('23INF00956', 'CAKPO', 'JEAN-CHRIS JUDICAEL'),
('23INF00965', 'DIBY', 'TRIGONE YOHAN-DAVID'),
('23INF01006', 'SOW', 'MAMADOU LAMARANA'),
('23INF01046', 'KOFFI', 'TOA ARNAUD GHISLAIN'),
('23INF01053', 'KOUAME', 'YAO JEAN THIERRY'),
('23INF01101', 'KOUAME', 'KONAN ANGE MEDERIC JUNI'),
('23INF01116', 'DOSSO', 'SINDOU NOGOMADE'),
('23INF01196', 'OKO', 'MATTA NAOMI MORGANE LAURI'),
('23INF01212', 'N\'GUETTA', 'AFFI YVAN JEAN WILFR'),
('23INF01230', 'AHOUNOU', 'KONAN PRINCE'),
('23INF01236', 'GUEYE', 'SALIOU MADANY'),
('23INF01242', 'AKA', 'AHIBA MOISE DAVID PAUL EM'),
('23INF01268', 'AKA', 'KADJO-TEKE BENJAMIN NATHAN'),
('23INF01272', 'SORO', 'SIGATA AIME'),
('23INF01310', 'TRAORE', 'MOHAMED ABDOUL KADER'),
('23INF01330', 'DIOMANDE', 'NOURA FATOU ZEINAB'),
('23INF01340', 'GOLETCHI', 'GNAMIEN YANN ANDRE'),
('23INF01352', 'SANOGO', 'ABDOURAHAMANE'),
('23INF01426', 'AWITY', 'HENRI BRADLEY'),
('23INF01428', 'BLE', 'ANGE CAROLE DOMINIQUE'),
('23INF01485', 'KONAN', 'KOUAKOU ANGE GEDEON'),
('23INF01486', 'CAMARA', 'IBRAHIM HASSANE'),
('23INF01506', 'BONNY', 'ALLATIN MIAMAN YANN DES'),
('23INF01520', 'KONE', 'ABDOUL AZIZ'),
('23INF01580', 'TOURE', 'ABDOUL MALICK ULRICH'),
('23INF01605', 'KOKO', 'JEAN ARSENE'),
('23INF01662', 'CISSE', 'KOLA AMADOU'),
('23INF01697', 'AHOSSI', 'KOUA JEAN EMMANUEL'),
('23INF01731', 'GONHI', 'GBASSE PRINCE DESIRE'),
('23INF01738', 'DIALLO', 'IBRAHIMA'),
('23INF01797', 'ASSOUMOU', 'AFFAKON MARIE JOSEE'),
('23INF01832', 'DIERE', 'ABRAHAM MONDESIR'),
('23INF01873', 'OUATTARA', 'BLAISE ISMAEL TRESOR'),
('23INF01903', 'WONEGOU', 'AMEN-AQUILAS KOFFI YVA'),
('23INF01933', 'GNANDA', 'ABEL LYLIAN BONIFACE'),
('23INF02027', 'DJOKRE', 'DJOMAN VICTOR JEAN EMM'),
('23INF02046', 'COULIBALY', 'NANGUIN KARNA'),
('23INF02206', 'MOUSSA', 'ABDOUL MAJID'),
('23INF02211', 'KOUAO', 'HAMMOND OTHNIEL ELISEE'),
('23INF02251', 'ADJE', 'ADJE ANGE EMMANUEL STEPHA'),
('23INF02368', 'KONE', 'MEH KOUAME RENE'),
('23INF02398', 'DIALLO', 'ELISCHAMA'),
('23INF02663', 'LAMBERT', 'TATHY BENIE MANIA'),
('23ING00818', 'TRAORE', 'KIBAFORI ALLASSANE'),
('23ING00925', 'DARRET', 'DRE CHERYLE GBALE MARIE'),
('23SIC00800', 'KOUAHO', 'EKISSI DAVID EMMANUEL'),
('23SIC02051', 'ADINGRA', 'KPIDI PRINCE EMMANUEL');

-- --------------------------------------------------------

--
-- Structure de la table `l1_miage`
--

DROP TABLE IF EXISTS `l1_miage`;
CREATE TABLE IF NOT EXISTS `l1_miage` (
  `matricule` varchar(10) NOT NULL,
  `nom` varchar(10) DEFAULT NULL,
  `prenom` varchar(30) DEFAULT NULL,
  PRIMARY KEY (`matricule`)
) ENGINE=InnoDB DEFAULT CHARSET=utf8mb3;

--
-- Déchargement des données de la table `l1_miage`
--

INSERT INTO `l1_miage` (`matricule`, `nom`, `prenom`) VALUES
('1', 'DIALLO', 'KADIDIATOU'),
('2', 'KOICOU', 'SANA CHRISTY'),
('21ING01343', 'AOURO', 'JEAN PHILIPPE'),
('23D00875', 'ZAHA', 'KEMONAO MARIE -ANGE REGI'),
('23INF00011', 'FOFANA', 'MOHAMED VAKAMOU FRANCK'),
('23INF00037', 'CAMARA', 'GNEGNERY OTHNIEL EMMANU'),
('23INF00062', 'KOFFI', 'GUY ENOCH'),
('23INF00075', 'EHUI', 'KOUTOUAN JEAN-MARC STEPHA'),
('23INF00108', 'BAMBA', 'SITA ZEINAB'),
('23INF00122', 'AKA', 'AGNIMEL AGNERO YANN EMMAN'),
('23INF00134', 'KOKO', 'KOFFI ARIEL'),
('23INF00204', 'ADJE', 'NOGBOU CHRYS EMMANUEL'),
('23INF00227', 'KOBENA', 'HOBAIMA AUDE ASTRIDE'),
('23INF00231', 'BAMBA', 'FRANCK ABDOUL KARIM'),
('23INF00235', 'DAO', 'AMINATA'),
('23INF00245', 'KONAN', 'ASSOUA YVES EFFASSOU'),
('23INF00255', 'ASSIROU', 'NAMIRAT ABEWO FORTUNE'),
('23INF00271', 'KIKI', 'MARC CEDRIC MARIE MAHOUGN'),
('23INF00367', 'KAUPHY', 'KARL YVAN DENZEL DJELA'),
('23INF00379', 'BAH', 'MAMADOU BAILO'),
('23INF00405', 'KOMAN', 'ANGENOR WILFRIED EMMANU'),
('23INF00419', 'GNAHOUE', 'AIMEE DESIREE'),
('23INF00423', 'DOSSO', 'ISMAEL MOHAMED SAMUEL'),
('23INF00538', 'AYEKOE', 'KOUSSO GRACE ESTHER LAETITIA'),
('23INF00553', 'KONE', 'SUH ISSA'),
('23INF00555', 'AGBOKE', 'ESLIH ELEAZARE'),
('23INF00560', 'GEGEH', 'KOFFI LIONEL'),
('23INF00562', 'BAMBA', 'MARIAME'),
('23INF00593', 'OLAFA', 'YOANE MARC-AUREL JORDANE'),
('23INF00618', 'TOURE', 'FATIM SAMIRA'),
('23INF00644', 'DURING', 'MOYO MELVINE IVANS EMMA'),
('23INF00685', 'DIOMANDE', 'MAÏMOUNA'),
('23INF00708', 'COULIBALY', 'TIOVAGA DAOUDA ROLAN'),
('23INF00731', 'ABOYA', 'KOUASSI JEAN DUVERNEY'),
('23INF00790', 'DEIN', 'NEKAPIEU ARISTIDE'),
('23INF00799', 'TANOH', 'MELEDJE YAHN ALAIN'),
('23INF00804', 'SOMOLO', 'KACOU ANGE ELIE'),
('23INF00817', 'N\'GUESSAN', 'MAUREL YAO MARC ELI'),
('23INF00844', 'OSSONO', 'DIBO JACQUES EMMANUEL A'),
('23INF00851', 'KOUAME', 'ANO LUCE TSURIEL'),
('23INF00931', 'KOUASSI', 'BI FOUATY EMMANUEL'),
('23INF00938', 'DIABATE', 'NAFOUSSATA'),
('23INF00980', 'GBESSIN', 'AGBA FELICIA'),
('23INF01028', 'N\'DRI', 'MARTINIEN ENOCK KOUAKOU'),
('23INF01121', 'KOIZAN', 'GRACE MARIE ESTHER'),
('23INF01131', 'AWODELE', 'ABDUL QOYUM ONAOLAPO'),
('23INF01191', 'GOUSSE', 'KOUAKOU AKISSI JOELLE V'),
('23INF01257', 'OUATTARA', 'DJAMILA NOURA ESTER'),
('23INF01287', 'DIAKITE', 'ABDOUL'),
('23INF01296', 'KOLIA', 'JOSEPH ANGE-NATHAN'),
('23INF01342', 'AMANI', 'MIENSA CHRIST YOHANN'),
('23INF01368', 'TRAORE', 'YELE ADJATA'),
('23INF01388', 'KRAGBA', 'ELIE EZECHIEL MONDESIR'),
('23INF01401', 'YAO', 'BEKANFA FREID ESPOIR'),
('23INF01405', 'LAGO', 'WILFRIED EUPHREM'),
('23INF01443', 'N\'DOUA', 'BRUNO CYRIL MARDOCHEE'),
('23INF01481', 'KOUAME', 'RASSOU JEAN ISRAEL'),
('23INF01496', 'TCHIMOU', 'DAVID IVANE'),
('23INF01652', 'KOUASSI', 'KOUADIO JEAN JAURES'),
('23INF01752', 'KRAMO', 'ISRAEL EMMANUEL JACOB'),
('23INF01823', 'GBEI', 'GNONSIEKAN SERGE YANNICK'),
('23INF01843', 'DIOMANDE', 'ABDOULAYE'),
('23INF01867', 'DIARRASSOU', 'ZAYNABOU'),
('23INF01868', 'KONE', 'ABDOUL KADER'),
('23INF01902', 'YOBOUET', 'N\'DA ANNE SAMUELA KET'),
('23INF01937', 'CONVAUD', 'KOUASSI OTHNIEL JEAN'),
('23INF01952', 'KOUAMELAN', 'LORAINE MARIE KAREL'),
('23INF01987', 'KAN', 'MELIANE YASMINE NATHALIE'),
('23INF01993', 'COULIBALY', 'BAMORY'),
('23INF02003', 'KOUAKOU', 'ANGE ROXANE'),
('23INF02251', 'ADJE', 'ADJE ANGE EMMANUEL STEPHANE'),
('23INF02306', 'OURA', 'WILLIAM CEDRIC'),
('23INF02382', 'BEH', 'ENOCH LOIS'),
('3', 'SILIOUE', 'KATINAN YANN');

-- --------------------------------------------------------

--
-- Structure de la table `l2_gi`
--

DROP TABLE IF EXISTS `l2_gi`;
CREATE TABLE IF NOT EXISTS `l2_gi` (
  `matricule` varchar(10) NOT NULL,
  `nom_prenom` varchar(50) DEFAULT NULL,
  PRIMARY KEY (`matricule`)
) ENGINE=InnoDB DEFAULT CHARSET=utf8mb3;

--
-- Déchargement des données de la table `l2_gi`
--

INSERT INTO `l2_gi` (`matricule`, `nom_prenom`) VALUES
('21INF01258', 'KOUADIO CHRIS-HERVE NARCISSE'),
('21INF01292', 'GBAHI CEDRIC YVAN DESIRE'),
('22AA01338', 'WOGNIN ADJIBA GRACE SEPHORA TH'),
('22AA02794', 'BALDE MARIAMA'),
('22INF00023', 'KONAN SOURALE CHRYS IVAN'),
('22INF00224', 'N\'DRI KOFFI ANGE PATRICK'),
('22INF00291', 'SOUMAHORO ROKIATOU LEILA TCHEP'),
('22INF00315', 'KONAN KOUASSI YEKOUMBET JEAN-M'),
('22INF00324', 'NSANGOU NJAYOU AHMED-SAID'),
('22INF00348', 'DIALLO MOHAMED ALPHA OUMAR'),
('22INF00446', 'OURA ANGE VITAL EMMANUEL'),
('22INF00482', 'AKINTOYESE FAUSAT ODUNOLA'),
('22INF00495', 'CHERIF FRANCK EZEKIEL'),
('22INF00529', 'TINDE PEHE CALIXTE HASSAN'),
('22INF00554', 'ASSOHOU KACOU SIMON PIERRE'),
('22INF00677', 'KOUAME ANGE PASCALE ARMELLE'),
('22INF00724', 'ODJE AHOUO NAOMI'),
('22INF00785', 'NIAMIEN KOFFI ATTOBRA YAO JAC'),
('22INF00888', 'N\'CHO JEAN MAUREL MONNE'),
('22INF00976', 'AKPANGNI KROU ERIC DONALD'),
('22INF00991', 'BANCE ISSOUF'),
('22INF01049', 'AKA ABRAHAM'),
('22INF01060', 'YAPI AXEL LEVI APIA'),
('22INF01086', 'DIARRASSOUBA ZANWA'),
('22INF01106', 'KOUAME IVAN LOIC EMMANUEL'),
('22INF01130', 'KOUAKOU AMON KOSSONOU JEAN-BA'),
('22INF01201', 'FONDIO TCHENIN RAFIATOU'),
('22INF0129', 'CISSE AMINATA RAMA'),
('22INF01323', 'KANGA KOUASSI CHRIS-EVANS'),
('22INF01470', 'AWOUGNO JEAN-DAVIS'),
('22INF01610', 'N\'GUESSAN JEAN-BAPTISTE DAVID'),
('22INF01629', 'KOUASSI KESSE IBRAHIM YANN JOR'),
('22INF01702', 'TOURE HAWA MIGADEH'),
('22INF01976', 'OUATTARA ADJARA MOUSTAPHA'),
('22INF02106', 'TATCHE KASSI JOVANI SAMUEL'),
('22INF02124', 'DJIPRO GBOKOU ISAAC'),
('22INF02297', 'DONI YENDOUPABE GERARD'),
('22INF02382', 'DAPLE WILLIAM\'S OTNIEL TETY'),
('22INF02679', 'KONE TENEMAKAN'),
('22INF02726', 'ATANDA HENRY FADEL OLAWALE'),
('22INF0387', 'DOUAZALE KODJANE JEAN NOEL NAT'),
('23INF01157', 'BROU ESSOUA JEAN -LOUIS GEORG');

-- --------------------------------------------------------

--
-- Structure de la table `l2_miage`
--

DROP TABLE IF EXISTS `l2_miage`;
CREATE TABLE IF NOT EXISTS `l2_miage` (
  `matricule` varchar(10) CHARACTER SET utf8mb3 COLLATE utf8mb3_general_ci NOT NULL,
  `nom_prenom` varchar(40) DEFAULT NULL,
  PRIMARY KEY (`matricule`)
) ENGINE=InnoDB DEFAULT CHARSET=utf8mb3;

--
-- Déchargement des données de la table `l2_miage`
--

INSERT INTO `l2_miage` (`matricule`, `nom_prenom`) VALUES
('20', 'PIOUKIGA ADJOUA GELA'),
('21D013526', 'OKOU PAUL DAVID SABIN'),
('21INF01292', 'NOUKOUHOUI YAO MEDJI EMMANUEL'),
('21INF01354', 'KOUYATE DJELIKA'),
('22INF00237', 'MAOUOMOU FREDERIC TRESOR'),
('22INF00338', 'OWOLABI CAROLINE DOLAPO'),
('22INF00413', 'DIARRASSOUBA NABI MADAWA'),
('22INF00504', 'SAFFO BENIE AMOA ANGE ARIEL'),
('22INF00510', 'KOUAKOU KONAN JEAN MARCEL MORE'),
('22INF00556', 'ABDOUL AZIZ YIOUGO'),
('22INF00592', 'ASSARE MARC WILFRIED'),
('22INF00604', 'BIDI MARIE-LINECEY'),
('22INF00651', 'SYLLA MAWA YASMINE'),
('22INF00717', 'EHOUNOUD MESSOU JOSEPH ANGE PA'),
('22INF00738', 'KONAN KOLOU SERGE EVARISTE'),
('22INF00811', 'SANGARE AMINATA NOURA'),
('22INF00859', 'ASSEMIEN JORAME EMMANUEL'),
('22INF00860', 'SOROKOBI DEKA EMMANUEL KILIANE'),
('22INF00879', 'SIDIBE FATOUMATA'),
('22INF00884', 'TCHAKE TCHAGBA SIMEON EMMANUEL'),
('22INF00931', 'KIENTEGA FATIMATA'),
('22INF01041', 'KRA KOUADIO'),
('22INF0110', 'BIKPO BOYA ARCHANGE-DAVID YOAN'),
('22INF01155', 'BAMBA YOUNOUSS TIEMOKO'),
('22INF01240', 'KEITA AL-HASSAN ABDUL MAJID'),
('22INF01246', 'KEITA AL-HUSSEIN ABDUL JAMIL'),
('22INF0135', 'YAO HYSIWA JEAN-JOEL'),
('22INF01378', 'KOUAKOU CHRIS ARYEL'),
('22INF01382', 'ETTIEN CELINA FABION ANOH'),
('22INF01452', 'GUINDO NIAMKEY BENTO JEAN-EMMA'),
('22INF01474', 'CAMARA BENI MICAEL FONDI'),
('22INF0151', 'DIANE MYRIAM'),
('22INF01647', 'KITUKA SHAKU REBECCA MICHELINE'),
('22INF01648', 'MEITE MOUSSA ABDALLAH'),
('22INF01801', 'ALLEPO BONI AYRTON'),
('22INF01946', 'KOUASSI YANN ANGE PATRICK'),
('22INF02002', 'AMAFI OTHNIEL CANISIUS VIANNEY'),
('22INF02011', 'OYENIYI THOMAS JUNIOR OYEYEMI'),
('22INF02421', 'SARBA ZEYNE ABIDINE'),
('22INF02592', 'YAO YAO ABRAHAM'),
('22INF02806', 'BAH ABDOULAYE'),
('22MA00912', 'BOGOU STEVEN YACINE'),
('22MA01029', 'KAMAGATE FALIKOU'),
('22MA02308', 'ECHERUO CHINEDU JOSHUA');

-- --------------------------------------------------------

--
-- Structure de la table `l3_gi`
--

DROP TABLE IF EXISTS `l3_gi`;
CREATE TABLE IF NOT EXISTS `l3_gi` (
  `matricule` varchar(15) CHARACTER SET utf8mb4 COLLATE utf8mb4_0900_ai_ci NOT NULL,
  `nom_prenom` varchar(40) NOT NULL
) ENGINE=MyISAM DEFAULT CHARSET=utf8mb4 COLLATE=utf8mb4_0900_ai_ci;

--
-- Déchargement des données de la table `l3_gi`
--

INSERT INTO `l3_gi` (`matricule`, `nom_prenom`) VALUES
('21INF014716', 'ABDOURAHAMANE HINDOUNE'),
('21INF012507', 'AHONZO JEAN PHILIPPE'),
('21INF013713', 'AKEKE KOUAKOU GRACE MARLENE'),
('21INF012698', 'ASSI-ADON MARC-IVAN SEKA'),
('21INF013058', 'BALLO SANATA'),
('21INF013922', 'BANCE BOUKARE'),
('21INF013962', 'BOUA ZOUMANDREY ANGE DESIRE'),
('21INF013381', 'DEGBEU JEAN-DOMINIQUE'),
('21MI014479', 'DJE IRIE ELIE MISANDRO'),
('21INF012797', 'GUEU VEHI JEAN VIANNEY'),
('21INF012518', 'KAMAGATE MAHAMAN MOUMINE'),
('21INF013211', 'KAMENAN ADJE CHRISTIAN DORGEL'),
('21INF014242', 'KANON ROGER JEAN-EMMANUEL'),
('21INF013070', 'KOFFI KOUASSI MARIUS ALBAN'),
('21INF012953', 'KOFFI N\'TAMON JEAN SYLVAIN'),
('21INF013478', 'KOKO MARC EMMANUEL PATRICK'),
('21INF013408', 'KOUADJO EVODIE ESPERANCE'),
('21INF012538', 'KOUAKOU KOUAME ABOH JEAN ANSE'),
('21INF012699', 'KOUASSI ANGE EMMANUEL ZAIBAIHI'),
('21INF013638', 'KOUASSI GRACE MARIE'),
('21INF012649', 'MOTCHIAN MEIER N\'DA EBOI PAUL'),
('21INF013344', 'N\'DA COMOE DESIRE EMMANUEL'),
('21INF013108', 'N\'GOUANDI AMANZOU SERGE EVRAR'),
('21SE014560', 'NIAMKE EBBEY CHRISTOPHE EMMANU'),
('21INF013484', 'OLAGOKE ABIODUN JEAN ISAAC'),
('21INF013996', 'SABO DJENEBA'),
('21INF013186', 'SORO NAHOUA JEAN-BOSCO'),
('21INF013270', 'TRAORE SIAKA'),
('21INF012921', 'YOCOLI KONAN JEAN EPIPHANE'),
('22INF01732', 'TOALO BI KOUE SIDI MOHAMED');

-- --------------------------------------------------------

--
-- Structure de la table `l3_miage`
--

DROP TABLE IF EXISTS `l3_miage`;
CREATE TABLE IF NOT EXISTS `l3_miage` (
  `matricule` varchar(11) DEFAULT NULL,
  `nom_prenom` varchar(30) DEFAULT NULL
) ENGINE=MyISAM DEFAULT CHARSET=utf8mb3;

--
-- Déchargement des données de la table `l3_miage`
--

INSERT INTO `l3_miage` (`matricule`, `nom_prenom`) VALUES
('21INF013119', 'ACHI ANOUMAN MARIE-STEPHANIE'),
('21INF013858', 'ADOU KOUAKOU JEAN-LUC'),
('21INF013280', 'ANO YVES GUY-STEPHANE'),
('21INF013359', 'BAKAYOKO ZAKARYA AHMED ILIAS'),
('21INF012743', 'BAMBA CHEICK OUSMANE'),
('21INF012610', 'BINI YAO ANGE MARTIAL'),
('1', 'BODY LAUKAH SARA MARIE EMMANU'),
('21INF013993', 'COULIBALY MARIAM BAMA'),
('21INF014231', 'DIABY RHOKIA'),
('21INF013893', 'DIARRASSOUBA ROKIA'),
('21INF014218', 'DJOMAN YAPI CHRIST ALEXANDRE'),
('21INF013632', 'DODO JONATHAN'),
('21INF013776', 'EHUI NIAMIEN EUDES EVRARD'),
('21INF013127', 'DOUA ZEREKO BORIS'),
('21INF013972', 'FOFANA HAWA RACHIDA'),
('21INF012724', 'GNANAGBE ABEL ALAIN-DAVY'),
('2', 'KADIO AMOUDJI EVRARD EMMANUEL'),
('21INF013548', 'KOFFI ADJE JONATHAN'),
('22INF02330', 'KONAN LOIS NATHANAEL'),
('21INF012947', 'KONE KIYALI IDRIS'),
('21INF013147', 'KOUADIO CHRIS STEVE BRAYAN'),
('21INF014054', 'KOUAKOU ANNE ESTHER REBECCA'),
('21INF013431', 'KOUAME ADAMO MARC-AUREL'),
('3', 'KOUAO CYRUS ARIEL'),
('21INF013733', 'KOUASSI APPLENI ESTHER VICTOI'),
('21INF014211', 'M\'BRA MOYE ANGE'),
('4', 'RAJI-AMAO FAWASS ITUNU TUNJI J'),
('21INF013398', 'SAMB ABDOULAYE SIDY'),
('21INF013724', 'SOW MAMADOU SALIOU'),
('21INF013535', 'TRAORE ABDOUL AZIZ'),
('21INF014586', 'YEO ELIE CHRIST-ROI SOUHÔFOLO');

-- --------------------------------------------------------

--
-- Structure de la table `parrain_filleule_l2_l1`
--

DROP TABLE IF EXISTS `parrain_filleule_l2_l1`;
CREATE TABLE IF NOT EXISTS `parrain_filleule_l2_l1` (
  `filleule_id` varchar(10) CHARACTER SET utf8mb3 COLLATE utf8mb3_general_ci NOT NULL,
  `filleule_nom` varchar(15) NOT NULL,
  `parrain_id` varchar(10) CHARACTER SET utf8mb3 COLLATE utf8mb3_general_ci NOT NULL,
  `parrain_nom` varchar(15) NOT NULL,
  KEY `filleule_id` (`filleule_id`),
  KEY `parrain_id` (`parrain_id`)
) ENGINE=InnoDB DEFAULT CHARSET=utf8mb4 COLLATE=utf8mb4_0900_ai_ci;

--
-- Déchargement des données de la table `parrain_filleule_l2_l1`
--

INSERT INTO `parrain_filleule_l2_l1` (`filleule_id`, `filleule_nom`, `parrain_id`, `parrain_nom`) VALUES
('23INF00679', 'BAMIDELE', '22INF01976', 'OUATTARA ADJARA'),
('23INF00713', 'ZOUNGRANA', '22INF02124', 'DJIPRO GBOKOU I'),
('23INF01053', 'KOUAME', '22INF0387', 'DOUAZALE KODJAN'),
('23ING00818', 'TRAORE', '22INF00495', 'CHERIF FRANCK E'),
('23INF01230', 'AHOUNOU', '21INF01292', 'GBAHI CEDRIC YV'),
('23INF01268', 'AKA', '22INF02297', 'DONI YENDOUPABE'),
('23INF00353', 'MENSAH', '22INF02679', 'KONE TENEMAKAN'),
('23INF00745', 'YAO', '22INF01323', 'KANGA KOUASSI C'),
('23INF00564', 'BROU', '22INF00023', 'KONAN SOURALE C'),
('23SIC02051', 'ADINGRA', '22INF01130', 'KOUAKOU AMON KO'),
('23INF00411', 'ODE', '22INF01086', 'DIARRASSOUBA ZA'),
('23INF01903', 'WONEGOU', '22INF01060', 'YAPI AXEL LEVI '),
('23INF00361', 'OYEWUMI', '22INF02382', 'DAPLE WILLIAM\'S'),
('23INF00945', 'SIDIBE', '22INF00888', 'N\'CHO JEAN MAUR'),
('23INF01933', 'GNANDA', '22AA01338', 'WOGNIN ADJIBA G'),
('23INF02206', 'MOUSSA', '22INF00224', 'N\'DRI KOFFI ANG'),
('23INF00171', 'KOFFI', '22INF00315', 'KONAN KOUASSI Y'),
('23INF00607', 'ADOU', '22INF02726', 'ATANDA HENRY FA'),
('23INF00383', 'MELES', '21INF01258', 'KOUADIO CHRIS-H'),
('23INF00162', 'BROUZRO', '23INF01157', 'BROU ESSOUA JEA'),
('23INF01832', 'DIERE', '22INF00482', 'AKINTOYESE FAUS'),
('23INF00449', 'KOUAKOU', '22INF00677', 'KOUAME ANGE PAS'),
('23INF00534', 'KEÏTA', '22INF00976', 'AKPANGNI KROU E'),
('23INF00083', 'KOTCHI', '22INF01702', 'TOURE HAWA MIGA'),
('23INF01006', 'SOW', '22INF00446', 'OURA ANGE VITAL'),
('23INF02368', 'KONE', '22INF01201', 'FONDIO TCHENIN '),
('23INF01196', 'OKO', '22INF00785', 'NIAMIEN KOFFI A'),
('23INF01428', 'BLE', '22INF00529', 'TINDE PEHE CALI'),
('23INF01486', 'CAMARA', '22INF01049', 'AKA ABRAHAM'),
('23INF01697', 'AHOSSI', '22INF0129', 'CISSE AMINATA R'),
('22INF01787', 'CISSE', '22INF02106', 'TATCHE KASSI JO'),
('22MA0253', 'MEL', '22INF00348', 'DIALLO MOHAMED '),
('23INF00163', 'YAPI', '22INF00324', 'NSANGOU NJAYOU '),
('23INF00519', 'N\'ZI', '22INF01470', 'AWOUGNO JEAN-DA'),
('22MA02116', 'FOFANA', '22INF01629', 'KOUASSI KESSE I'),
('23INF00544', 'OULOU', '22INF00291', 'SOUMAHORO ROKIA'),
('23INF00761', 'BOKAME', '22INF01106', 'KOUAME IVAN LOI'),
('23INF00606', 'DIAKITE', '22INF00991', 'BANCE ISSOUF'),
('23INF00483', 'KOHOU', '22AA02794', 'BALDE MARIAMA'),
('23SIC00800', 'KOUAHO', '22INF01610', 'N\'GUESSAN JEAN-'),
('23INF00550', 'AGUESO', '22INF00724', 'ODJE AHOUO NAOM'),
('23INF00702', 'ANOH', '22INF00554', 'ASSOHOU KACOU S'),
('23INF02046', 'COULIBALY', '22INF01976', 'OUATTARA ADJARA'),
('23INF00548', 'ATOBRA', '22INF02124', 'DJIPRO GBOKOU I'),
('23INF00233', 'DOUMBIA', '22INF0387', 'DOUAZALE KODJAN'),
('23INF00158', 'N\'DIAYE', '22INF00495', 'CHERIF FRANCK E'),
('23INF01485', 'KONAN', '21INF01292', 'GBAHI CEDRIC YV'),
('23INF00143', 'SILIOUE', '22INF02297', 'DONI YENDOUPABE'),
('23INF00569', 'GNAHON', '22INF02679', 'KONE TENEMAKAN'),
('23INF01731', 'GONHI', '22INF01323', 'KANGA KOUASSI C'),
('23INF00120', 'DIALLO', '22INF00023', 'KONAN SOURALE C'),
('23INF01101', 'KOUAME', '22INF01130', 'KOUAKOU AMON KO'),
('23INF00376', 'BEHE', '22INF01086', 'DIARRASSOUBA ZA'),
('23INF00570', 'HAMED', '22INF01060', 'YAPI AXEL LEVI '),
('23INF00956', 'CAKPO', '22INF02382', 'DAPLE WILLIAM\'S'),
('23INF00785', 'YEO', '22INF00888', 'N\'CHO JEAN MAUR'),
('23INF00278', 'KASSE', '22AA01338', 'WOGNIN ADJIBA G'),
('23INF00655', 'NIAMIEN', '22INF00224', 'N\'DRI KOFFI ANG'),
('23INF02211', 'KOUAO', '22INF00315', 'KONAN KOUASSI Y'),
('23INF01506', 'BONNY', '22INF02726', 'ATANDA HENRY FA'),
('23INF00730', 'GNANGBE', '21INF01258', 'KOUADIO CHRIS-H'),
('22INF02508', 'ASSANDY', '23INF01157', 'BROU ESSOUA JEA'),
('23INF00562', 'BAMBA', '22INF00482', 'AKINTOYESE FAUS'),
('23INF00307', 'OYOUA', '22INF00677', 'KOUAME ANGE PAS'),
('23INF01272', 'SORO', '22INF00976', 'AKPANGNI KROU E'),
('23INF00283', 'CISSE', '22INF01702', 'TOURE HAWA MIGA'),
('23INF00396', 'BEHE', '22INF00446', 'OURA ANGE VITAL'),
('23INF00381', 'SORO', '22INF01201', 'FONDIO TCHENIN '),
('23AA01593', 'KOUAME', '22INF00785', 'NIAMIEN KOFFI A'),
('23INF01310', 'TRAORE', '22INF00529', 'TINDE PEHE CALI'),
('23INF00860', 'KONAN', '22INF01049', 'AKA ABRAHAM'),
('23INF01520', 'KONE', '22INF0129', 'CISSE AMINATA R'),
('23INF00297', 'SORO', '22INF02106', 'TATCHE KASSI JO'),
('23INF01116', 'DOSSO', '22INF00348', 'DIALLO MOHAMED '),
('23INF01662', 'CISSE', '22INF00324', 'NSANGOU NJAYOU '),
('23INF00354', 'KOUAME', '22INF01470', 'AWOUGNO JEAN-DA'),
('23INF00530', 'ANOH', '22INF01629', 'KOUASSI KESSE I'),
('23INF01580', 'TOURE', '22INF00291', 'SOUMAHORO ROKIA'),
('23INF00097', 'GNUI', '22INF01106', 'KOUAME IVAN LOI'),
('23INF01212', 'N\'GUETTA', '22INF00991', 'BANCE ISSOUF'),
('23INF00828', 'YELEMCOURE', '22AA02794', 'BALDE MARIAMA'),
('23INF00112', 'N\'DRY', '22INF01610', 'N\'GUESSAN JEAN-'),
('23INF00741', 'ASSA', '22INF00724', 'ODJE AHOUO NAOM'),
('23INF00859', 'LOBASSE', '22INF00554', 'ASSOHOU KACOU S'),
('23INF00626', 'ACHI', '22INF01976', 'OUATTARA ADJARA'),
('23INF00834', 'KOUADIO', '22INF02124', 'DJIPRO GBOKOU I'),
('23INF00345', 'BABO', '22INF0387', 'DOUAZALE KODJAN'),
('23INF02398', 'DIALLO', '22INF00495', 'CHERIF FRANCK E'),
('23INF02663', 'LAMBERT', '21INF01292', 'GBAHI CEDRIC YV'),
('23INF00672', 'KOUASSI', '22INF02297', 'DONI YENDOUPABE'),
('23INF01352', 'SANOGO', '22INF02679', 'KONE TENEMAKAN'),
('23INF00121', 'ADESHOLA', '22INF01323', 'KANGA KOUASSI C'),
('23INF01236', 'GUEYE', '22INF00023', 'KONAN SOURALE C'),
('23INF00337', 'KONE', '22INF01130', 'KOUAKOU AMON KO'),
('23INF01330', 'DIOMANDE', '22INF01086', 'DIARRASSOUBA ZA'),
('23INF00780', 'SERI', '22INF01060', 'YAPI AXEL LEVI '),
('23INF00652', 'DOUMOUYA', '22INF02382', 'DAPLE WILLIAM\'S'),
('23INF00439', 'NENE', '22INF00888', 'N\'CHO JEAN MAUR'),
('23INF01242', 'AKA', '22AA01338', 'WOGNIN ADJIBA G'),
('23INF00122', 'TOURE', '22INF00224', 'N\'DRI KOFFI ANG'),
('23INF00406', 'OKEI', '22INF00315', 'KONAN KOUASSI Y'),
('23INF00965', 'DIBY', '22INF02726', 'ATANDA HENRY FA'),
('23INF00566', 'AKPA', '21INF01258', 'KOUADIO CHRIS-H'),
('23INF00382', 'BOTTRO', '23INF01157', 'BROU ESSOUA JEA'),
('23INF01340', 'GOLETCHI', '22INF00482', 'AKINTOYESE FAUS'),
('23INF01426', 'AWITY', '22INF00677', 'KOUAME ANGE PAS'),
('23INF02251', 'ADJE', '22INF00976', 'AKPANGNI KROU E'),
('23INF01605', 'KOKO', '22INF01702', 'TOURE HAWA MIGA'),
('23INF00743', 'GBALE', '22INF00446', 'OURA ANGE VITAL'),
('23INF02027', 'DJOKRE', '22INF01201', 'FONDIO TCHENIN '),
('23INF01873', 'OUATTARA', '22INF00785', 'NIAMIEN KOFFI A'),
('23INF00880', 'KOUADIO', '22INF00529', 'TINDE PEHE CALI'),
('23INF00850', 'YAO', '22INF01049', 'AKA ABRAHAM'),
('23ING00925', 'DARRET', '22INF0129', 'CISSE AMINATA R'),
('23INF00293', 'EL', '22INF02106', 'TATCHE KASSI JO'),
('23INF01738', 'DIALLO', '22INF00348', 'DIALLO MOHAMED '),
('23INF00199', 'TUHO', '22INF00324', 'NSANGOU NJAYOU '),
('23INF01046', 'KOFFI', '22INF01470', 'AWOUGNO JEAN-DA'),
('23INF01797', 'ASSOUMOU', '22INF01629', 'KOUASSI KESSE I'),
('23INF00101', 'RAMDE', '22INF00291', 'SOUMAHORO ROKIA');

-- --------------------------------------------------------

--
-- Structure de la table `parrain_filleule_l2_l1_m`
--

DROP TABLE IF EXISTS `parrain_filleule_l2_l1_m`;
CREATE TABLE IF NOT EXISTS `parrain_filleule_l2_l1_m` (
  `filleule_id` varchar(10) CHARACTER SET utf8mb3 COLLATE utf8mb3_general_ci NOT NULL,
  `filleule_nom` varchar(10) CHARACTER SET utf8mb3 COLLATE utf8mb3_general_ci NOT NULL,
  `parrain_id` varchar(10) CHARACTER SET utf8mb3 COLLATE utf8mb3_general_ci NOT NULL,
  `parrain_nom` varchar(40) CHARACTER SET utf8mb3 COLLATE utf8mb3_general_ci NOT NULL,
  KEY `filleule_id` (`filleule_id`,`parrain_id`),
  KEY `parrain_id` (`parrain_id`)
) ENGINE=InnoDB DEFAULT CHARSET=utf8mb4 COLLATE=utf8mb4_0900_ai_ci;

--
-- Déchargement des données de la table `parrain_filleule_l2_l1_m`
--

INSERT INTO `parrain_filleule_l2_l1_m` (`filleule_id`, `filleule_nom`, `parrain_id`, `parrain_nom`) VALUES
('23INF02251', 'ADJE', '22MA01029', 'KAMAGATE FALIKOU'),
('23INF00685', 'DIOMANDE', '22INF00860', 'SOROKOBI DEKA EMMANUEL KILIANE'),
('23INF01388', 'KRAGBA', '22INF01246', 'KEITA AL-HUSSEIN ABDUL JAMIL'),
('23INF00538', 'AYEKOE', '22INF00237', 'MAOUOMOU FREDERIC TRESOR'),
('23INF00553', 'KONE', '22INF00510', 'KOUAKOU KONAN JEAN MARCEL MORE'),
('23INF00555', 'AGBOKE', '22INF01647', 'KITUKA SHAKU REBECCA MICHELINE'),
('23INF00405', 'KOMAN', '22INF00811', 'SANGARE AMINATA NOURA'),
('23INF00799', 'TANOH', '22INF00884', 'TCHAKE TCHAGBA SIMEON EMMANUEL'),
('23INF01868', 'KONE', '22INF00504', 'SAFFO BENIE AMOA ANGE ARIEL'),
('23INF00134', 'KOKO', '22INF0151', 'DIANE MYRIAM'),
('23INF01987', 'KAN', '22INF01155', 'BAMBA YOUNOUSS TIEMOKO'),
('23INF00618', 'TOURE', '20', 'PIOUKIGA ADJOUA GELA'),
('3', 'SILIOUE', '21INF01292', 'NOUKOUHOUI YAO MEDJI EMMANUEL'),
('23INF01937', 'CONVAUD', '21D013526', 'OKOU PAUL DAVID SABIN'),
('1', 'DIALLO', '22INF00859', 'ASSEMIEN JORAME EMMANUEL'),
('23INF00560', 'GEGEH', '22INF0135', 'YAO HYSIWA JEAN-JOEL'),
('23INF01368', 'TRAORE', '22INF02592', 'YAO YAO ABRAHAM'),
('23INF01287', 'DIAKITE', '22INF01648', 'MEITE MOUSSA ABDALLAH'),
('23INF01481', 'KOUAME', '22INF02421', 'SARBA ZEYNE ABIDINE'),
('21ING01343', 'AOURO', '21INF01354', 'KOUYATE DJELIKA'),
('23INF01952', 'KOUAMELAN', '22INF02011', 'OYENIYI THOMAS JUNIOR OYEYEMI'),
('23INF00938', 'DIABATE', '22MA00912', 'BOGOU STEVEN YACINE'),
('23INF01652', 'KOUASSI', '22INF00931', 'KIENTEGA FATIMATA'),
('23INF01993', 'COULIBALY', '22INF00413', 'DIARRASSOUBA NABI MADAWA'),
('23INF00075', 'EHUI', '22MA02308', 'ECHERUO CHINEDU JOSHUA'),
('23INF00644', 'DURING', '22INF01041', 'KRA KOUADIO'),
('23INF00851', 'KOUAME', '22INF00338', 'OWOLABI CAROLINE DOLAPO'),
('23INF00231', 'BAMBA', '22INF00556', 'ABDOUL AZIZ YIOUGO'),
('23INF00844', 'OSSONO', '22INF01240', 'KEITA AL-HASSAN ABDUL MAJID'),
('23INF00804', 'SOMOLO', '22INF01801', 'ALLEPO BONI AYRTON'),
('23INF00708', 'COULIBALY', '22INF02002', 'AMAFI OTHNIEL CANISIUS VIANNEY'),
('23INF01443', 'N\'DOUA', '22INF01382', 'ETTIEN CELINA FABION ANOH'),
('23INF00227', 'KOBENA', '22INF00592', 'ASSARE MARC WILFRIED'),
('23INF00011', 'FOFANA', '22INF02806', 'BAH ABDOULAYE'),
('23INF00423', 'DOSSO', '22INF00651', 'SYLLA MAWA YASMINE'),
('23INF00037', 'CAMARA', '22INF00879', 'SIDIBE FATOUMATA'),
('23INF00235', 'DAO', '22INF00738', 'KONAN KOLOU SERGE EVARISTE'),
('23INF01843', 'DIOMANDE', '22INF01452', 'GUINDO NIAMKEY BENTO JEAN-EMMA'),
('23INF01296', 'KOLIA', '22INF0110', 'BIKPO BOYA ARCHANGE-DAVID YOAN'),
('23INF02003', 'KOUAKOU', '22INF01474', 'CAMARA BENI MICAEL FONDI'),
('23INF00204', 'ADJE', '22INF00717', 'EHOUNOUD MESSOU JOSEPH ANGE PA'),
('23INF01902', 'YOBOUET', '22INF01946', 'KOUASSI YANN ANGE PATRICK'),
('23INF00562', 'BAMBA', '22INF00604', 'BIDI MARIE-LINECEY'),
('2', 'KOICOU', '22INF01378', 'KOUAKOU CHRIS ARYEL'),
('23INF00271', 'KIKI', '22MA01029', 'KAMAGATE FALIKOU'),
('23INF01257', 'OUATTARA', '22INF00860', 'SOROKOBI DEKA EMMANUEL KILIANE'),
('23INF00731', 'ABOYA', '22INF01246', 'KEITA AL-HUSSEIN ABDUL JAMIL'),
('23INF01401', 'YAO', '22INF00237', 'MAOUOMOU FREDERIC TRESOR'),
('23INF00419', 'GNAHOUE', '22INF00510', 'KOUAKOU KONAN JEAN MARCEL MORE'),
('23INF01752', 'KRAMO', '22INF01647', 'KITUKA SHAKU REBECCA MICHELINE'),
('23INF00790', 'DEIN', '22INF00811', 'SANGARE AMINATA NOURA'),
('23INF00980', 'GBESSIN', '22INF00884', 'TCHAKE TCHAGBA SIMEON EMMANUEL'),
('23INF00108', 'BAMBA', '22INF00504', 'SAFFO BENIE AMOA ANGE ARIEL'),
('23D00875', 'ZAHA', '22INF0151', 'DIANE MYRIAM'),
('23INF00062', 'KOFFI', '22INF01155', 'BAMBA YOUNOUSS TIEMOKO'),
('23INF01867', 'DIARRASSOU', '20', 'PIOUKIGA ADJOUA GELA'),
('23INF01496', 'TCHIMOU', '21INF01292', 'NOUKOUHOUI YAO MEDJI EMMANUEL'),
('23INF00379', 'BAH', '21D013526', 'OKOU PAUL DAVID SABIN'),
('23INF00593', 'OLAFA', '22INF00859', 'ASSEMIEN JORAME EMMANUEL'),
('23INF00122', 'AKA', '22INF0135', 'YAO HYSIWA JEAN-JOEL'),
('23INF00245', 'KONAN', '22INF02592', 'YAO YAO ABRAHAM'),
('23INF02382', 'BEH', '22INF01648', 'MEITE MOUSSA ABDALLAH'),
('23INF01405', 'LAGO', '22INF02421', 'SARBA ZEYNE ABIDINE'),
('23INF01342', 'AMANI', '21INF01354', 'KOUYATE DJELIKA'),
('23INF01131', 'AWODELE', '22INF02011', 'OYENIYI THOMAS JUNIOR OYEYEMI'),
('23INF00367', 'KAUPHY', '22MA00912', 'BOGOU STEVEN YACINE'),
('23INF00931', 'KOUASSI', '22INF00931', 'KIENTEGA FATIMATA'),
('23INF01823', 'GBEI', '22INF00413', 'DIARRASSOUBA NABI MADAWA'),
('23INF01121', 'KOIZAN', '22MA02308', 'ECHERUO CHINEDU JOSHUA'),
('23INF02306', 'OURA', '22INF01041', 'KRA KOUADIO'),
('23INF01028', 'N\'DRI', '22INF00338', 'OWOLABI CAROLINE DOLAPO'),
('23INF00255', 'ASSIROU', '22INF00556', 'ABDOUL AZIZ YIOUGO'),
('23INF00817', 'N\'GUESSAN', '22INF01240', 'KEITA AL-HASSAN ABDUL MAJID'),
('23INF01191', 'GOUSSE', '22INF01801', 'ALLEPO BONI AYRTON');

-- --------------------------------------------------------

--
-- Structure de la table `parrain_filleule_l3_l2_gi`
--

DROP TABLE IF EXISTS `parrain_filleule_l3_l2_gi`;
CREATE TABLE IF NOT EXISTS `parrain_filleule_l3_l2_gi` (
  `filleule_id` varchar(15) NOT NULL,
  `filleule_nom` varchar(15) NOT NULL,
  `parrain_id` varchar(15) NOT NULL,
  `parrain_nom` varchar(30) NOT NULL
) ENGINE=InnoDB DEFAULT CHARSET=utf8mb4 COLLATE=utf8mb4_0900_ai_ci;

--
-- Déchargement des données de la table `parrain_filleule_l3_l2_gi`
--

INSERT INTO `parrain_filleule_l3_l2_gi` (`filleule_id`, `filleule_nom`, `parrain_id`, `parrain_nom`) VALUES
('22INF00724', 'ODJE AHOUO NAOM', '21INF013344', 'N\'DA COMOE DESIRE EMMANUEL'),
('22INF00554', 'ASSOHOU KACOU S', '21INF012797', 'GUEU VEHI JEAN VIANNEY'),
('22INF01060', 'YAPI AXEL LEVI ', '21INF013408', 'KOUADJO EVODIE ESPERANCE'),
('22INF00482', 'AKINTOYESE FAUS', '21INF013484', 'OLAGOKE ABIODUN JEAN ISAAC'),
('23INF01157', 'BROU ESSOUA JEA', '21INF013070', 'KOFFI KOUASSI MARIUS ALBAN'),
('21INF01292', 'GBAHI CEDRIC YV', '21INF013713', 'AKEKE KOUAKOU GRACE MARLENE'),
('22INF01610', 'N\'GUESSAN JEAN-', '21MI014479', 'DJE IRIE ELIE MISANDRO'),
('22INF00888', 'N\'CHO JEAN MAUR', '21INF013270', 'TRAORE SIAKA'),
('22INF00446', 'OURA ANGE VITAL', '21SE014560', 'NIAMKE EBBEY CHRISTOPHE EMMANU'),
('22INF01470', 'AWOUGNO JEAN-DA', '21INF013962', 'BOUA ZOUMANDREY ANGE DESIRE'),
('22INF0387', 'DOUAZALE KODJAN', '21INF012953', 'KOFFI N\'TAMON JEAN SYLVAIN'),
('22INF00495', 'CHERIF FRANCK E', '21INF013211', 'KAMENAN ADJE CHRISTIAN DORGEL'),
('22INF02726', 'ATANDA HENRY FA', '21INF012518', 'KAMAGATE MAHAMAN MOUMINE'),
('22INF00785', 'NIAMIEN KOFFI A', '22INF01732', 'TOALO BI KOUE SIDI MOHAMED'),
('22AA01338', 'WOGNIN ADJIBA G', '21INF013478', 'KOKO MARC EMMANUEL PATRICK'),
('21INF01258', 'KOUADIO CHRIS-H', '21INF013922', 'BANCE BOUKARE'),
('22AA02794', 'BALDE MARIAMA', '21INF012698', 'ASSI-ADON MARC-IVAN SEKA'),
('22INF00348', 'DIALLO MOHAMED ', '21INF013381', 'DEGBEU JEAN-DOMINIQUE'),
('22INF00291', 'SOUMAHORO ROKIA', '21INF013058', 'BALLO SANATA'),
('22INF02106', 'TATCHE KASSI JO', '21INF014242', 'KANON ROGER JEAN-EMMANUEL'),
('22INF00324', 'NSANGOU NJAYOU ', '21INF013108', 'N\'GOUANDI AMANZOU SERGE EVRAR'),
('22INF01629', 'KOUASSI KESSE I', '21INF012507', 'AHONZO JEAN PHILIPPE'),
('22INF00677', 'KOUAME ANGE PAS', '21INF012649', 'MOTCHIAN MEIER N\'DA EBOI PAUL'),
('22INF0129', 'CISSE AMINATA R', '21INF012538', 'KOUAKOU KOUAME ABOH JEAN ANSE'),
('22INF02679', 'KONE TENEMAKAN', '21INF013638', 'KOUASSI GRACE MARIE'),
('22INF02382', 'DAPLE  WILLIAM ', '21INF014716', 'ABDOURAHAMANE HINDOUNE'),
('22INF02382', 'DAPLE  WILLIAM ', '21INF013996', 'SABO DJENEBA'),
('22INF01106', 'KOUAME IVAN LOI', '21INF012921', 'YOCOLI KONAN JEAN EPIPHANE'),
('22INF01130', 'KOUAKOU AMON KO', '21INF013186', 'SORO NAHOUA JEAN-BOSCO'),
('22INF00724', 'ODJE AHOUO NAOM', '21INF013344', 'N\'DA COMOE DESIRE EMMANUEL'),
('22INF01201', 'FONDIO TCHENIN ', '21INF012797', 'GUEU VEHI JEAN VIANNEY'),
('22INF00976', 'AKPANGNI KROU E', '21INF013408', 'KOUADJO EVODIE ESPERANCE'),
('22INF01702', 'TOURE HAWA MIGA', '21INF013484', 'OLAGOKE ABIODUN JEAN ISAAC'),
('22INF02297', 'DONI YENDOUPABE', '21INF013070', 'KOFFI KOUASSI MARIUS ALBAN'),
('22INF01323', 'KANGA KOUASSI C', '21INF013713', 'AKEKE KOUAKOU GRACE MARLENE'),
('22INF02124', 'DJIPRO GBOKOU I', '21MI014479', 'DJE IRIE ELIE MISANDRO'),
('22INF00991', 'BANCE ISSOUF', '21INF013270', 'TRAORE SIAKA'),
('22INF00023', 'KONAN SOURALE C', '21SE014560', 'NIAMKE EBBEY CHRISTOPHE EMMANU'),
('22INF00529', 'TINDE PEHE CALI', '21INF013962', 'BOUA ZOUMANDREY ANGE DESIRE'),
('22INF00315', 'KONAN KOUASSI Y', '21INF012953', 'KOFFI N\'TAMON JEAN SYLVAIN'),
('22INF01086', 'DIARRASSOUBA  Z', '21INF012699', 'KOUASSI ANGE EMMANUEL ZAIBAIHI');

-- --------------------------------------------------------

--
-- Structure de la table `parrain_filleule_l3_l2_m`
--

DROP TABLE IF EXISTS `parrain_filleule_l3_l2_m`;
CREATE TABLE IF NOT EXISTS `parrain_filleule_l3_l2_m` (
  `filleule_id` varchar(15) NOT NULL,
  `filleule_nom` varchar(15) NOT NULL,
  `parrain_id` varchar(15) NOT NULL,
  `parrain_nom` varchar(40) NOT NULL
) ENGINE=MyISAM DEFAULT CHARSET=utf8mb4 COLLATE=utf8mb4_0900_ai_ci;

--
-- Déchargement des données de la table `parrain_filleule_l3_l2_m`
--

INSERT INTO `parrain_filleule_l3_l2_m` (`filleule_id`, `filleule_nom`, `parrain_id`, `parrain_nom`) VALUES
('22INF00510', 'KOUAKOU KONAN J', '21INF013431', 'KOUAME ADAMO MARC-AUREL'),
('22INF01155', 'BAMBA YOUNOUSS ', '21INF013972', 'FOFANA HAWA RACHIDA'),
('22INF02592', 'YAO YAO ABRAHAM', '21INF013724', 'SOW MAMADOU SALIOU'),
('20', 'PIOUKIGA ADJOUA', '21INF013632', 'DODO JONATHAN'),
('22INF00237', 'MAOUOMOU FREDER', '21INF013359', 'BAKAYOKO ZAKARYA AHMED ILIAS'),
('21INF01292', 'NOUKOUHOUI YAO ', '21INF013119', 'ACHI ANOUMAN MARIE-STEPHANIE'),
('22MA01029', 'KAMAGATE FALIKO', '21INF013535', 'TRAORE ABDOUL AZIZ'),
('22INF02421', 'SARBA ZEYNE ABI', '21INF012947', 'KONE KIYALI IDRIS'),
('22INF00338', 'OWOLABI CAROLIN', '21INF014054', 'KOUAKOU ANNE ESTHER REBECCA'),
('22INF01246', 'KEITA AL-HUSSEI', '21INF012724', 'GNANAGBE ABEL ALAIN-DAVY'),
('22INF02806', 'BAH ABDOULAYE', '21INF014218', 'DJOMAN YAPI CHRIST ALEXANDRE'),
('22INF0135', 'YAO HYSIWA JEAN', '21INF012610', 'BINI YAO ANGE MARTIAL'),
('22INF02011', 'OYENIYI THOMAS ', '21INF013993', 'COULIBALY MARIAM BAMA'),
('22INF00413', 'DIARRASSOUBA NA', '21INF014586', 'YEO ELIE CHRIST-ROI SOUHÔFOLO'),
('22INF00884', 'TCHAKE TCHAGBA ', '21INF013893', 'DIARRASSOUBA ROKIA'),
('22INF00879', 'SIDIBE FATOUMAT', '21INF013776', 'EHUI NIAMIEN EUDES EVRARD'),
('22INF01474', 'CAMARA BENI MIC', '21INF013147', 'KOUADIO CHRIS STEVE BRAYAN'),
('21D013526', 'OKOU PAUL DAVID', '21INF014231', 'DIABY RHOKIA'),
('22INF00556', 'ABDOUL AZIZ YIO', '21INF013733', 'KOUASSI APPLENI ESTHER VICTOI'),
('22INF01041', 'KRA KOUADIO', '21INF013548', 'KOFFI ADJE JONATHAN'),
('22INF00738', 'KONAN KOLOU SER', '21INF013127', 'DOUA ZEREKO BORIS'),
('22INF00592', 'ASSARE MARC WIL', '21INF013398', 'SAMB ABDOULAYE SIDY'),
('22INF01240', 'KEITA AL-HASSAN', '21INF014211', 'M\'BRA MOYE ANGE'),
('22INF00604', 'BIDI MARIE-LINE', '22INF02330', 'KONAN LOIS NATHANAEL'),
('22INF01648', 'MEITE MOUSSA AB', '21INF013280', 'ANO YVES GUY-STEPHANE'),
('21INF01354', 'KOUYATE DJELIKA', '2', 'KADIO AMOUDJI EVRARD EMMANUEL'),
('22INF00504', 'SAFFO BENIE AMO', '1', 'BODY LAUKAH SARA MARIE EMMANU'),
('22INF01382', 'ETTIEN CELINA F', '3', 'KOUAO CYRUS ARIEL'),
('22INF01946', 'KOUASSI YANN AN', '21INF013858', 'ADOU KOUAKOU JEAN-LUC'),
('22INF01647', 'KITUKA SHAKU RE', '21INF012743', 'BAMBA CHEICK OUSMANE'),
('22INF01452', 'GUINDO NIAMKEY ', '4', 'RAJI-AMAO FAWASS ITUNU TUNJI J'),
('22INF00859', 'ASSEMIEN JORAME', '21INF013431', 'KOUAME ADAMO MARC-AUREL'),
('22INF00717', 'EHOUNOUD MESSOU', '21INF013972', 'FOFANA HAWA RACHIDA'),
('22INF0151', 'DIANE MYRIAM', '21INF013724', 'SOW MAMADOU SALIOU'),
('22INF00811', 'SANGARE AMINATA', '21INF013632', 'DODO JONATHAN'),
('22INF02002', 'AMAFI OTHNIEL C', '21INF013359', 'BAKAYOKO ZAKARYA AHMED ILIAS'),
('22INF01378', 'KOUAKOU CHRIS A', '21INF013119', 'ACHI ANOUMAN MARIE-STEPHANIE'),
('22INF00651', 'SYLLA MAWA YASM', '21INF013535', 'TRAORE ABDOUL AZIZ'),
('22INF00931', 'KIENTEGA FATIMA', '21INF012947', 'KONE KIYALI IDRIS'),
('22MA00912', 'BOGOU STEVEN YA', '21INF014054', 'KOUAKOU ANNE ESTHER REBECCA'),
('22INF0110', 'BIKPO BOYA ARCH', '21INF012724', 'GNANAGBE ABEL ALAIN-DAVY'),
('22INF01801', 'ALLEPO BONI AYR', '21INF014218', 'DJOMAN YAPI CHRIST ALEXANDRE'),
('22MA02308', 'ECHERUO CHINEDU', '21INF012610', 'BINI YAO ANGE MARTIAL'),
('22INF00860', 'SOROKOBI DEKA E', '21INF013993', 'COULIBALY MARIAM BAMA');

--
-- Contraintes pour les tables déchargées
--

--
-- Contraintes pour la table `parrain_filleule_l2_l1`
--
ALTER TABLE `parrain_filleule_l2_l1`
  ADD CONSTRAINT `parrain_filleule_l2_l1_ibfk_1` FOREIGN KEY (`filleule_id`) REFERENCES `l1_gi` (`matricule`) ON DELETE RESTRICT ON UPDATE RESTRICT,
  ADD CONSTRAINT `parrain_filleule_l2_l1_ibfk_2` FOREIGN KEY (`parrain_id`) REFERENCES `l2_gi` (`matricule`) ON DELETE RESTRICT ON UPDATE RESTRICT;

--
-- Contraintes pour la table `parrain_filleule_l2_l1_m`
--
ALTER TABLE `parrain_filleule_l2_l1_m`
  ADD CONSTRAINT `parrain_filleule_l2_l1_m_ibfk_1` FOREIGN KEY (`filleule_id`) REFERENCES `l1_miage` (`matricule`) ON DELETE RESTRICT ON UPDATE RESTRICT,
  ADD CONSTRAINT `parrain_filleule_l2_l1_m_ibfk_2` FOREIGN KEY (`parrain_id`) REFERENCES `l2_miage` (`matricule`) ON DELETE RESTRICT ON UPDATE RESTRICT;
COMMIT;

/*!40101 SET CHARACTER_SET_CLIENT=@OLD_CHARACTER_SET_CLIENT */;
/*!40101 SET CHARACTER_SET_RESULTS=@OLD_CHARACTER_SET_RESULTS */;
/*!40101 SET COLLATION_CONNECTION=@OLD_COLLATION_CONNECTION */;
